Country,City,State,Postal Code,Region,GeographyID
United States,Gaithersburg,Maryland,20877,East,1
United States,Broken Arrow,Oklahoma,74012,Central,2
United States,Los Angeles,California,90045,West,3
United States,San Antonio,Texas,78207,Central,4
United States,Philadelphia,Pennsylvania,19143,East,5
United States,Charlotte,North Carolina,28205,South,6
United States,Jacksonville,Florida,32216,South,7
United States,Oakland,California,94601,West,8
United States,Amarillo,Texas,79109,Central,9
United States,Raleigh,North Carolina,27604,South,10
United States,Franklin,Wisconsin,53132,Central,11
United States,Fresno,California,93727,West,12
United States,Toledo,Ohio,43615,East,13
United States,Seattle,Washington,98115,West,14
United States,Longview,Washington,98632,West,15
United States,Columbus,Ohio,43229,East,16
United States,Springfield,Ohio,45503,East,17
United States,Concord,North Carolina,28027,South,18
United States,New York City,New York,10009,East,19
United States,Westfield,New Jersey,7090,East,20
United States,New York City,New York,10011,East,21
United States,Los Angeles,California,90049,West,22
United States,Concord,New Hampshire,3301,East,23
United States,Columbus,Georgia,31907,South,24
United States,San Diego,California,92037,West,25
United States,Cleveland,Ohio,44105,East,26
United States,Morristown,New Jersey,7960,East,27
United States,Fayetteville,North Carolina,28314,South,28
United States,Seattle,Washington,98105,West,29
United States,Burlington,Vermont,5408,East,30
United States,Los Angeles,California,90036,West,31
United States,Gulfport,Mississippi,39503,South,32
United States,Plainfield,New Jersey,7060,East,33
United States,New York City,New York,10024,East,34
United States,San Francisco,California,94122,West,35
United States,Seattle,Washington,98103,West,36
United States,Rockford,Illinois,61107,Central,37
United States,Chicago,Illinois,60623,Central,38
United States,Atlantic City,New Jersey,8401,East,39
United States,Atlanta,Georgia,30318,South,40
United States,Dallas,Texas,75220,Central,41
United States,Scottsdale,Arizona,85254,West,42
United States,Memphis,Tennessee,38109,South,43
United States,Little Rock,Arkansas,72209,South,44
United States,Houston,Texas,77070,Central,45
United States,Greensboro,North Carolina,27405,South,46
United States,Irving,Texas,75061,Central,47
United States,Newark,Ohio,43055,East,48
United States,Chicago,Illinois,60653,Central,49
United States,Encinitas,California,92024,West,50
United States,Tallahassee,Florida,32303,South,51
United States,Chattanooga,Tennessee,37421,South,52
United States,Los Angeles,California,90004,West,53
United States,Henderson,Nevada,89015,West,54
United States,Louisville,Kentucky,40214,South,55
United States,Murfreesboro,Tennessee,37130,South,56
United States,Springfield,Missouri,65807,Central,57
United States,Lorain,Ohio,44052,East,58
United States,Bakersfield,California,93309,West,59
United States,Dover,Delaware,19901,East,60
United States,Philadelphia,Pennsylvania,19140,East,61
United States,Austin,Texas,78745,Central,62
United States,Salem,Virginia,24153,South,63
United States,Houston,Texas,77036,Central,64
United States,Chicago,Illinois,60610,Central,65
United States,Virginia Beach,Virginia,23464,South,66
United States,Mission Viejo,California,92691,West,67
United States,Cincinnati,Ohio,45231,East,68
United States,Yuma,Arizona,85364,West,69
United States,New York City,New York,10035,East,70
United States,Jackson,Mississippi,39212,South,71
United States,Middletown,Connecticut,6457,East,72
United States,Waterbury,Connecticut,6708,East,73
United States,San Francisco,California,94110,West,74
United States,Lafayette,Indiana,47905,Central,75
United States,Los Angeles,California,90008,West,76
United States,San Francisco,California,94109,West,77
United States,Arlington,Virginia,22204,South,78
United States,Asheville,North Carolina,28806,South,79
United States,Vallejo,California,94591,West,80
United States,Dallas,Texas,75081,Central,81
United States,Los Angeles,California,90032,West,82
United States,Warwick,Rhode Island,2886,East,83
United States,Sparks,Nevada,89431,West,84
United States,Passaic,New Jersey,7055,East,85
United States,Athens,Georgia,30605,South,86
United States,Philadelphia,Pennsylvania,19120,East,87
United States,Florence,Alabama,35630,South,88
United States,Newport News,Virginia,23602,South,89
United States,Washington,District of Columbia,20016,East,90
United States,Santa Ana,California,92704,West,91
United States,Delray Beach,Florida,33445,South,92
United States,Milwaukee,Wisconsin,53209,Central,93
United States,Philadelphia,Pennsylvania,19134,East,94
United States,Fort Worth,Texas,76106,Central,95
United States,Detroit,Michigan,48205,Central,96
United States,Park Ridge,Illinois,60068,Central,97
United States,Nashville,Tennessee,37211,South,98
United States,Montgomery,Alabama,36116,South,99
United States,Parker,Colorado,80134,West,100
United States,Superior,Wisconsin,54880,Central,101
United States,Springfield,Virginia,22153,South,102
United States,Houston,Texas,77041,Central,103
United States,Hamilton,Ohio,45011,East,104
United States,Chesapeake,Virginia,23320,South,105
United States,Jackson,Michigan,49201,Central,106
United States,Jacksonville,North Carolina,28540,South,107
United States,Lakewood,California,90712,West,108
United States,Hempstead,New York,11550,East,109
United States,Clarksville,Tennessee,37042,South,110
United States,Bloomington,Illinois,61701,Central,111
United States,San Diego,California,92105,West,112
United States,Ann Arbor,Michigan,48104,Central,113
United States,Thousand Oaks,California,91360,West,114
United States,Santa Barbara,California,93101,West,115
United States,North Las Vegas,Nevada,89031,West,116
United States,Tucson,Arizona,85705,West,117
United States,Marion,Ohio,43302,East,118
United States,Indianapolis,Indiana,46203,Central,119
United States,Riverside,California,92503,West,120
United States,Henderson,Kentucky,42420,South,121
United States,Colorado Springs,Colorado,80906,West,122
United States,Columbus,Indiana,47201,Central,123
United States,Roswell,Georgia,30076,South,124
United States,Baltimore,Maryland,21215,East,125
United States,Suffolk,Virginia,23434,South,126
United States,San Bernardino,California,92404,West,127
United States,Lancaster,California,93534,West,128
United States,Chico,California,95928,West,129
United States,Las Vegas,Nevada,89115,West,130
United States,San Jose,California,95123,West,131
United States,Temecula,California,92592,West,132
United States,Revere,Massachusetts,2151,East,133
United States,Costa Mesa,California,92627,West,134
United States,Portland,Oregon,97206,West,135
United States,Cary,North Carolina,27511,South,136
United States,Louisville,Colorado,80027,West,137
United States,Dover,New Hampshire,3820,East,138
United States,Omaha,Nebraska,68104,Central,139
United States,Glenview,Illinois,60025,Central,140
United States,Lindenhurst,New York,11757,East,141
United States,Bullhead City,Arizona,86442,West,142
United States,Miami,Florida,33142,South,143
United States,Saint Charles,Illinois,60174,Central,144
United States,Daytona Beach,Florida,32114,South,145
United States,Richmond,Virginia,23223,South,146
United States,Dublin,Ohio,43017,East,147
United States,Rochester,New York,14609,East,148
United States,Phoenix,Arizona,85023,West,149
United States,Gilbert,Arizona,85234,West,150
United States,Detroit,Michigan,48227,Central,151
United States,Lawrence,Massachusetts,1841,East,152
United States,Eau Claire,Wisconsin,54703,Central,153
United States,Visalia,California,93277,West,154
United States,Clinton,Maryland,20735,East,155
United States,Fayetteville,Arkansas,72701,South,156
United States,Missoula,Montana,59801,West,157
United States,Pompano Beach,Florida,33068,South,158
United States,Manchester,Connecticut,6040,East,159
United States,Boynton Beach,Florida,33437,South,160
United States,Texarkana,Arkansas,71854,South,161
United States,Coral Springs,Florida,33065,South,162
United States,Westminster,California,92683,West,163
United States,Rancho Cucamonga,California,91730,West,164
United States,Pasadena,California,91104,West,165
United States,Detroit,Michigan,48234,Central,166
United States,Mansfield,Texas,76063,Central,167
United States,Vineland,New Jersey,8360,East,168
United States,Everett,Massachusetts,2149,East,169
United States,Newark,Delaware,19711,East,170
United States,Franklin,Tennessee,37064,South,171
United States,Mcallen,Texas,78501,Central,172
United States,Sandy Springs,Georgia,30328,South,173
United States,Mount Vernon,New York,10550,East,174
United States,Huntsville,Alabama,35810,South,175
United States,Plano,Texas,75023,Central,176
United States,Knoxville,Tennessee,37918,South,177
United States,Fargo,North Dakota,58103,Central,178
United States,Trenton,Michigan,48183,Central,179
United States,Auburn,New York,13021,East,180
United States,Houston,Texas,77095,Central,181
United States,Harrisonburg,Virginia,22801,South,182
United States,Oceanside,California,92054,West,183
United States,Tulsa,Oklahoma,74133,Central,184
United States,Pocatello,Idaho,83201,West,185
United States,Laurel,Maryland,20707,East,186
United States,Columbia,South Carolina,29203,South,187
United States,Harlingen,Texas,78550,Central,188
United States,Lafayette,Louisiana,70506,South,189
United States,Tigard,Oregon,97224,West,190
United States,Buffalo,New York,14215,East,191
United States,Saint Charles,Missouri,63301,Central,192
United States,Saint Petersburg,Florida,33710,South,193
United States,Royal Oak,Michigan,48073,Central,194
United States,Hampton,Virginia,23666,South,195
United States,Lakeland,Florida,33801,South,196
United States,Monroe,Louisiana,71203,South,197
United States,West Palm Beach,Florida,33407,South,198
United States,Lewiston,Maine,4240,East,199
United States,Decatur,Alabama,35601,South,200
United States,Grand Prairie,Texas,75051,Central,201
United States,Peoria,Arizona,85345,West,202
United States,Miami,Florida,33178,South,203
United States,Smyrna,Tennessee,37167,South,204
United States,Aurora,Colorado,80013,West,205
United States,Deltona,Florida,32725,South,206
United States,Layton,Utah,84041,West,207
United States,Olympia,Washington,98502,West,208
United States,Long Beach,California,90805,West,209
United States,East Point,Georgia,30344,South,210
United States,Lakewood,Ohio,44107,East,211
United States,Taylor,Michigan,48180,Central,212
United States,Troy,Ohio,45373,East,213
United States,Smyrna,Georgia,30080,South,214
United States,Lancaster,Pennsylvania,17602,East,215
United States,La Porte,Indiana,46350,Central,216
United States,Hialeah,Florida,33012,South,217
United States,Lake Forest,California,92630,West,218
United States,Providence,Rhode Island,2908,East,219
United States,Coral Gables,Florida,33134,South,220
United States,The Colony,Texas,75056,Central,221
United States,Pueblo,Colorado,81001,West,222
United States,Spokane,Washington,99207,West,223
United States,Marysville,Washington,98270,West,224
United States,Denver,Colorado,80219,West,225
United States,Roseville,California,95661,West,226
United States,Laredo,Texas,78041,Central,227
United States,Appleton,Wisconsin,54915,Central,228
United States,Oklahoma City,Oklahoma,73120,Central,229
United States,Salt Lake City,Utah,84106,West,230
United States,Perth Amboy,New Jersey,8861,East,231
United States,Columbia,Missouri,65203,Central,232
United States,El Cajon,California,92020,West,233
United States,Fort Lauderdale,Florida,33311,South,234
United States,Jackson,Tennessee,38301,South,235
United States,Lebanon,Tennessee,37087,South,236
United States,Miami,Florida,33180,South,237
United States,Troy,New York,12180,East,238
United States,Belleville,New Jersey,7109,East,239
United States,Lansing,Michigan,48911,Central,240
United States,Bridgeton,New Jersey,8302,East,241
United States,Sterling Heights,Michigan,48310,Central,242
United States,San Luis Obispo,California,93405,West,243
United States,Decatur,Illinois,62521,Central,244
United States,Santa Clara,California,95051,West,245
United States,Lowell,Massachusetts,1852,East,246
United States,Fairfield,Ohio,45014,East,247
United States,Minneapolis,Minnesota,55407,Central,248
United States,Wilmington,Delaware,19805,East,249
United States,Long Beach,New York,11561,East,250
United States,Wichita,Kansas,67212,Central,251
United States,Anaheim,California,92804,West,252
United States,Boca Raton,Florida,33433,South,253
United States,Longmont,Colorado,80501,West,254
United States,San Diego,California,92024,West,255
United States,Frankfort,Illinois,60423,Central,256
United States,Salinas,California,93905,West,257
United States,Carrollton,Texas,75007,Central,258
United States,Richmond,Indiana,47374,Central,259
United States,Roseville,Michigan,48066,Central,260
United States,Highland Park,Illinois,60035,Central,261
United States,Paterson,New Jersey,7501,East,262
United States,Florence,South Carolina,29501,South,263
United States,Yonkers,New York,10701,East,264
United States,Freeport,Illinois,61032,Central,265
United States,Richmond,Kentucky,40475,South,266
United States,Kent,Washington,98031,West,267
United States,Watertown,New York,13601,East,268
United States,West Jordan,Utah,84084,West,269
United States,Akron,Ohio,44312,East,270
United States,Midland,Michigan,48640,Central,271
United States,San Marcos,Texas,78666,Central,272
United States,Bellevue,Washington,98006,West,273
United States,Murray,Utah,84107,West,274
United States,Quincy,Illinois,62301,Central,275
United States,Cambridge,Massachusetts,2138,East,276
United States,Thornton,Colorado,80229,West,277
United States,Lakewood,New Jersey,8701,East,278
United States,Rockville,Maryland,20852,East,279
United States,Hillsboro,Oregon,97123,West,280
United States,Reading,Pennsylvania,19601,East,281
United States,Warner Robins,Georgia,31088,South,282
United States,Noblesville,Indiana,46060,Central,283
United States,Dallas,Texas,75217,Central,284
United States,Mount Pleasant,Michigan,48858,Central,285
United States,Orland Park,Illinois,60462,Central,286
United States,Hollywood,Florida,33021,South,287
United States,Lubbock,Texas,79424,Central,288
United States,Springfield,Oregon,97477,West,289
United States,Redlands,California,92374,West,290
United States,Conway,Arkansas,72032,South,291
United States,Salem,Oregon,97301,West,292
United States,Haltom City,Texas,76117,Central,293
United States,Monroe,North Carolina,28110,South,294
United States,Dubuque,Iowa,52001,Central,295
United States,Franklin,Massachusetts,2038,East,296
United States,Oceanside,New York,11572,East,297
United States,Lawrence,Indiana,46226,Central,298
United States,Roseville,Minnesota,55113,Central,299
United States,Brentwood,California,94513,West,300
United States,Plantation,Florida,33317,South,301
United States,Helena,Montana,59601,West,302
United States,Rio Rancho,New Mexico,87124,West,303
United States,Boise,Idaho,83704,West,304
United States,Port Arthur,Texas,77642,Central,305
United States,Quincy,Massachusetts,2169,East,306
United States,Wilmington,North Carolina,28403,South,307
United States,Leominster,Massachusetts,1453,East,308
United States,Lake Elsinore,California,92530,West,309
United States,Las Cruces,New Mexico,88001,West,310
United States,Freeport,New York,11520,East,311
United States,Dearborn,Michigan,48126,Central,312
United States,Durham,North Carolina,27707,South,313
United States,Farmington,New Mexico,87401,West,314
United States,Burlington,North Carolina,27217,South,315
United States,Citrus Heights,California,95610,West,316
United States,Lancaster,Ohio,43130,East,317
United States,Fremont,Nebraska,68025,Central,318
United States,San Mateo,California,94403,West,319
United States,Pico Rivera,California,90660,West,320
United States,Aurora,Illinois,60505,Central,321
United States,Waterloo,Iowa,50701,Central,322
United States,Overland Park,Kansas,66212,Central,323
United States,Woodstock,Illinois,60098,Central,324
United States,Rome,New York,13440,East,325
United States,Apple Valley,California,92307,West,326
United States,Tampa,Florida,33614,South,327
United States,Maple Grove,Minnesota,55369,Central,328
United States,Sioux Falls,South Dakota,57103,Central,329
United States,Concord,California,94521,West,330
United States,Elkhart,Indiana,46514,Central,331
United States,Wheeling,Illinois,60090,Central,332
United States,Kenosha,Wisconsin,53142,Central,333
United States,Huntington Beach,California,92646,West,334
United States,Green Bay,Wisconsin,54302,Central,335
United States,Escondido,California,92025,West,336
United States,Linden,New Jersey,7036,East,337
United States,Moreno Valley,California,92553,West,338
United States,El Paso,Texas,79907,Central,339
United States,Medford,Oregon,97504,West,340
United States,Palm Coast,Florida,32137,South,341
United States,Hackensack,New Jersey,7601,East,342
United States,Niagara Falls,New York,14304,East,343
United States,League City,Texas,77573,Central,344
United States,New Rochelle,New York,10801,East,345
United States,Bristol,Connecticut,6010,East,346
United States,Great Falls,Montana,59405,West,347
United States,Draper,Utah,84020,West,348
United States,Apopka,Florida,32712,South,349
United States,Naperville,Illinois,60540,Central,350
United States,Bossier City,Louisiana,71111,South,351
United States,Mount Pleasant,South Carolina,29464,South,352
United States,Westland,Michigan,48185,Central,353
United States,Jonesboro,Arkansas,72401,South,354
United States,Alexandria,Virginia,22304,South,355
United States,Rapid City,South Dakota,57701,Central,356
United States,Kirkwood,Missouri,63122,Central,357
United States,Utica,New York,13501,East,358
United States,Redmond,Oregon,97756,West,359
United States,Eagan,Minnesota,55122,Central,360
United States,Marietta,Georgia,30062,South,361
United States,Pomona,California,91767,West,362
United States,Yucaipa,California,92399,West,363
United States,New Bedford,Massachusetts,2740,East,364
United States,Allentown,Pennsylvania,18103,East,365
United States,Florence,Kentucky,41042,South,366
United States,Bolingbrook,Illinois,60440,Central,367
United States,Bowling Green,Ohio,43402,East,368
United States,Arlington,Texas,76017,Central,369
United States,Murrieta,California,92563,West,370
United States,Fairfield,Connecticut,6824,East,371
United States,Bedford,Texas,76021,Central,372
United States,Dearborn Heights,Michigan,48127,Central,373
United States,Mobile,Alabama,36608,South,374
United States,Glendale,Arizona,85301,West,375
United States,Lewiston,Idaho,83501,West,376
United States,Redondo Beach,California,90278,West,377
United States,Lodi,California,95240,West,378
United States,Bloomington,Indiana,47401,Central,379
United States,San Gabriel,California,91776,West,380
United States,Jamestown,New York,14701,East,381
United States,Lake Charles,Louisiana,70601,South,382
United States,Chula Vista,California,91911,West,383
United States,Owensboro,Kentucky,42301,South,384
United States,Allen,Texas,75002,Central,385
United States,Cuyahoga Falls,Ohio,44221,East,386
United States,Chester,Pennsylvania,19013,East,387
United States,Camarillo,California,93010,West,388
United States,Wilson,North Carolina,27893,South,389
United States,Woonsocket,Rhode Island,2895,East,390
United States,Columbia,Tennessee,38401,South,391
United States,Orem,Utah,84057,West,392
United States,Norwich,Connecticut,6360,East,393
United States,Reno,Nevada,89502,West,394
United States,Huntsville,Texas,77340,Central,395
United States,Tuscaloosa,Alabama,35401,South,396
United States,Johnson City,Tennessee,37604,South,397
United States,Keller,Texas,76248,Central,398
United States,Hoover,Alabama,35244,South,399
United States,Kent,Ohio,44240,East,400
United States,Marion,Iowa,52302,Central,401
United States,Des Moines,Iowa,50315,Central,402
United States,Holland,Michigan,49423,Central,403
United States,Charlottesville,Virginia,22901,South,404
United States,Rochester,Minnesota,55901,Central,405
United States,La Quinta,California,92253,West,406
United States,Provo,Utah,84604,West,407
United States,North Charleston,South Carolina,29406,South,408
United States,Orlando,Florida,32839,South,409
United States,Des Moines,Washington,98198,West,410
United States,Sacramento,California,95823,West,411
United States,Santa Fe,New Mexico,87505,West,412
United States,Lincoln Park,Michigan,48146,Central,413
United States,Avondale,Arizona,85323,West,414
United States,Meriden,Connecticut,6450,East,415
United States,Bayonne,New Jersey,7002,East,416
United States,Mesa,Arizona,85204,West,417
United States,Des Plaines,Illinois,60016,Central,418
United States,Oak Park,Michigan,48237,Central,419
United States,York,Pennsylvania,17403,East,420
United States,New Brunswick,New Jersey,8901,East,421
United States,Greeley,Colorado,80634,West,422
United States,Chandler,Arizona,85224,West,423
United States,Kissimmee,Florida,34741,South,424
United States,Orange,New Jersey,7050,East,425
United States,Bangor,Maine,4401,East,426
United States,Pleasant Grove,Utah,84062,West,427
United States,Texas City,Texas,77590,Central,428
United States,Vacaville,California,95687,West,429
United States,Woodstock,Georgia,30188,South,430
United States,Grand Rapids,Michigan,49505,Central,431
United States,Billings,Montana,59102,West,432
United States,Pasadena,Texas,77506,Central,433
United States,Meridian,Idaho,83642,West,434
United States,Cranston,Rhode Island,2920,East,435
United States,Albuquerque,New Mexico,87105,West,436
United States,Columbia,Maryland,21044,East,437
United States,Modesto,California,95351,West,438
United States,Woodland,California,95695,West,439
United States,Muskogee,Oklahoma,74403,Central,440
United States,Lawton,Oklahoma,73505,Central,441
United States,Vancouver,Washington,98661,West,442
United States,Buffalo Grove,Illinois,60089,Central,443
United States,Oswego,Illinois,60543,Central,444
United States,Pasco,Washington,99301,West,445
United States,Macon,Georgia,31204,South,446
United States,Clifton,New Jersey,7011,East,447
United States,Gresham,Oregon,97030,West,448
United States,Oxnard,California,93030,West,449
United States,Olathe,Kansas,66062,Central,450
United States,Tempe,Arizona,85281,West,451
United States,Corpus Christi,Texas,78415,Central,452
United States,Lehi,Utah,84043,West,453
United States,Broomfield,Colorado,80020,West,454
United States,Bowling Green,Kentucky,42104,South,455
United States,Hattiesburg,Mississippi,39401,South,456
United States,Bethlehem,Pennsylvania,18018,East,457
United States,Hickory,North Carolina,28601,South,458
United States,Morgan Hill,California,95037,West,459
United States,Georgetown,Kentucky,40324,South,460
United States,Murray,Kentucky,42071,South,461
United States,Antioch,California,94509,West,462
United States,Richardson,Texas,75080,Central,463
United States,Greenville,North Carolina,27834,South,464
United States,Saint Paul,Minnesota,55106,Central,465
United States,Stockton,California,95207,West,466
United States,Greenwood,Indiana,46142,Central,467
United States,Homestead,Florida,33030,South,468
United States,Torrance,California,90503,West,469
United States,Norman,Oklahoma,73071,Central,470
United States,Goldsboro,North Carolina,27534,South,471
United States,Carlsbad,New Mexico,88220,West,472
United States,Tamarac,Florida,33319,South,473
United States,Nashua,New Hampshire,3060,East,474
United States,Manteca,California,95336,West,475
United States,Edmonds,Washington,98026,West,476
United States,Parma,Ohio,44134,East,477
United States,Rock Hill,South Carolina,29730,South,478
United States,Garden City,Kansas,67846,Central,479
United States,Pembroke Pines,Florida,33024,South,480
United States,Waco,Texas,76706,Central,481
United States,Laguna Niguel,California,92677,West,482
United States,Odessa,Texas,79762,Central,483
United States,Round Rock,Texas,78664,Central,484
United States,Mishawaka,Indiana,46544,Central,485
United States,Milford,Connecticut,6460,East,486
United States,Andover,Massachusetts,1810,East,487
United States,Waynesboro,Virginia,22980,South,488
United States,Redwood City,California,94061,West,489
United States,Malden,Massachusetts,2148,East,490
United States,Saint Peters,Missouri,63376,Central,491
United States,Evanston,Illinois,60201,Central,492
United States,Elmhurst,Illinois,60126,Central,493
United States,Margate,Florida,33063,South,494
United States,Logan,Utah,84321,West,495
United States,Lakeville,Minnesota,55044,Central,496
United States,Burbank,California,91505,West,497
United States,Portage,Indiana,46368,Central,498
United States,Brownsville,Texas,78521,Central,499
United States,Apple Valley,Minnesota,55124,Central,500
United States,Edinburg,Texas,78539,Central,501
United States,Saginaw,Michigan,48601,Central,502
United States,Inglewood,California,90301,West,503
United States,Madison,Wisconsin,53711,Central,504
United States,Whittier,California,90604,West,505
United States,Burlington,Iowa,52601,Central,506
United States,Palatine,Illinois,60067,Central,507
United States,Skokie,Illinois,60076,Central,508
United States,Oak Park,Illinois,60302,Central,509
United States,Sunnyvale,California,94086,West,510
United States,Port Orange,Florida,32127,South,511
United States,Independence,Missouri,64055,Central,512
United States,Hendersonville,Tennessee,37075,South,513
United States,Danbury,Connecticut,6810,East,514
United States,College Station,Texas,77840,Central,515
United States,East Orange,New Jersey,7017,East,516
United States,Everett,Washington,98208,West,517
United States,Fairfield,California,94533,West,518
United States,Bristol,Tennessee,37620,South,519
United States,Southaven,Mississippi,38671,South,520
United States,Conroe,Texas,77301,Central,521
United States,Urbandale,Iowa,50322,Central,522
United States,Eugene,Oregon,97405,West,523
United States,Cheyenne,Wyoming,82001,West,524
United States,Arlington Heights,Illinois,60004,Central,525
United States,Thomasville,North Carolina,27360,South,526
United States,Auburn,Washington,98002,West,527
United States,Edmond,Oklahoma,73034,Central,528
United States,Montebello,California,90640,West,529
United States,Shelton,Connecticut,6484,East,530
United States,Medina,Ohio,44256,East,531
United States,Baytown,Texas,77520,Central,532
United States,Woodbury,Minnesota,55125,Central,533
United States,Bartlett,Tennessee,38134,South,534
United States,Bozeman,Montana,59715,West,535
United States,Sierra Vista,Arizona,85635,West,536
United States,Hot Springs,Arkansas,71901,South,537
United States,Grapevine,Texas,76051,Central,538
United States,Jefferson City,Missouri,65109,Central,539
United States,San Clemente,California,92672,West,540
United States,Hesperia,California,92345,West,541
United States,Bellingham,Washington,98226,West,542
United States,Saint Louis,Missouri,63116,Central,543
United States,Danville,California,94526,West,544
United States,Springdale,Arkansas,72762,South,545
United States,Coachella,California,92236,West,546
United States,Aberdeen,South Dakota,57401,Central,547
United States,Garland,Texas,75043,Central,548
United States,Jupiter,Florida,33458,South,549
United States,Dublin,California,94568,West,550
United States,Grove City,Ohio,43123,East,551
United States,Miramar,Florida,33023,South,552
United States,Hagerstown,Maryland,21740,East,553
United States,Renton,Washington,98059,West,554
United States,Canton,Michigan,48187,Central,555
United States,Summerville,South Carolina,29483,South,556
United States,Gladstone,Missouri,64118,Central,557
United States,Loveland,Colorado,80538,West,558
United States,Cedar Hill,Texas,75104,Central,559
United States,Moorhead,Minnesota,56560,Central,560
United States,Port Saint Lucie,Florida,34952,South,561
United States,Coppell,Texas,75019,Central,562
United States,New Castle,Indiana,47362,Central,563
United States,Auburn,Alabama,36830,South,564
United States,North Miami,Florida,33161,South,565
United States,Covington,Washington,98042,West,566
United States,La Crosse,Wisconsin,54601,Central,567
United States,Carol Stream,Illinois,60188,Central,568
United States,Holyoke,Massachusetts,1040,East,569
United States,South Bend,Indiana,46614,Central,570
United States,Norfolk,Nebraska,68701,Central,571
United States,Santa Maria,California,93454,West,572
United States,New Albany,Indiana,47150,Central,573
United States,Altoona,Pennsylvania,16602,East,574
United States,Waukesha,Wisconsin,53186,Central,575
United States,Cedar Rapids,Iowa,52402,Central,576
United States,Arvada,Colorado,80004,West,577
United States,Twin Falls,Idaho,83301,West,578
United States,Marlborough,Massachusetts,1752,East,579
United States,Redmond,Washington,98052,West,580
United States,Iowa City,Iowa,52240,Central,581
United States,Caldwell,Idaho,83605,West,582
United States,Beaumont,Texas,77705,Central,583
United States,Beverly,Massachusetts,1915,East,584
United States,Cottage Grove,Minnesota,55016,Central,585
United States,Fort Collins,Colorado,80525,West,586
United States,La Mesa,California,91941,West,587
United States,Clovis,New Mexico,88101,West,588
United States,Grand Island,Nebraska,68801,Central,589
United States,Melbourne,Florida,32935,South,590
United States,Pearland,Texas,77581,Central,591
United States,Pine Bluff,Arkansas,71603,South,592
United States,Saint Cloud,Minnesota,56301,Central,593
United States,Mentor,Ohio,44060,East,594
United States,Rogers,Arkansas,72756,South,595
United States,Tyler,Texas,75701,Central,596
United States,Mason,Ohio,45040,East,597
United States,Wausau,Wisconsin,54401,Central,598
United States,Redding,California,96003,West,599
United States,Manhattan,Kansas,66502,Central,600
United States,Coon Rapids,Minnesota,55433,Central,601
United States,Mesquite,Texas,75150,Central,602
United States,Kenner,Louisiana,70065,South,603
United States,West Allis,Wisconsin,53214,Central,604
United States,Davis,California,95616,West,605
United States,Sheboygan,Wisconsin,53081,Central,606
United States,Englewood,Colorado,80112,West,607
